The bird handler from the nation's prominent treatment center for wild animals counted to three, giving the group time to pull out their cameras and focus them, and then tossed the eagle up toward the bright blue sky.  To gasps all around, it took the big, strong bird only a few beats of its massive wings to shoot skyward, eventually veering toward the spot where two rangers found it on the ice Dec. 10, after it was injured in a tussle with another eagle.  " Oh, look at that! " said Cathy Earnest, who'd	driven	from Brandy Station with a friend to see her first release of an eagle treated for injuries. " This was just an opportunity I couldn't miss, " she added a moment later.	natural	COCA; 2017 (17-01-22); Eagle rescued at Caledon released in front of well-wishers; NEWS: Virginian-Pilot	drive	natural	natural	5	none	3rd	from Brandy Station	
Sarah put her hand on Maya's shoulder and Maya's shudders passed right into her skin. Then she saw Conningsby. A cowboy in a straw hat and blue jeans, riding a black-maned horse. He wasn't galloping or showing off, just clopping across the rocky arroyo, but he did this with great ease and dignity.  " He could tell us how to get there, " Sarah said. Max kept	driving	, as if she hadn't said anything, as if the cowboy did not exist, as if Maya weren't steeped in some sorrow all her own. Sarah turned to the rear window. The cowboy had stopped his horse and was watching their car. He saw her looking and doffed his hat. She waved back.	natural	COCA; 2016; Love maps; Eliza Factor; FIC: Love maps	drive	natural	natural	2	none	3rd	none	
An elegant couple, the woman in silvery lam, swan past us to their table in the buzzing main room. Outside, on Washington Boulevard, a Hollywood film crew is shooting a scene. Klieg lights dazzle like diamonds. " I think New York has a bit of a crush on Detroit, " McCallum remarks. Hard to believe nightlife in this town was once so moribund visitors would	drive	to Grosse Pointe, a plaid-and-preppy suburb, for fun.  I end up at Cafe d'Mongo's Speakeasy with McCallum and an ever-growing crowd of hipsters, artists, and night crawlers. The bartenders serve up ribs and cocktails that mix Captain Morgan rum with Faygo, a local soda pop that Detroiters seem to guzzle with everything.	natural	COCA; 2012; Mar/Apr 2012; RISE AND SHINE DETROIT; Nelson, Andrew; MAG: National Geographic Traveler	drive	natural	natural	1	none	3rd	to Grosse Pointe	
According to court documents, Mr. Domingo carefully considered implementing the plan, specifically saying he wanted to sleep on it for a few days. He then gave the final go-ahead last Thursday, and the dummy bombs were delivered Friday evening during a final meeting with the two undercover operatives. Mr. Domingo received instructions on how to detonate the devices he believed to be bombs. And then he	drove	with the two purported confederates to Long Beach, where they walked around the area of the plan to rally to find places to plant the bombs where crowds would likely gather in order to inflict the maximum number of deaths. He was arrested shortly thereafter.	natural	COCA; 2019 (19-04-29); Attorney General Spars With Congressional Democrats; Authorities Stop Alleged Terror Plot in Los Angeles; Joe Biden Holds First Presidential Rally	drive	natural	natural	3	none	accompaniment	with the two purported confederates	
I hope you all enjoyed your holiday weekend and that it was peaceful and restful! I am wondering if any of you did any Black Friday shopping this past week--I was	driving	home from Chicago on Thanksgiving night and could not believe the the traffic and lines that were out in front of stores!	natural	CORE;   Personal Blog; A Wise Woman Builds Her Home; http://proverbs14verse1.blogspot.com/	drive	natural	natural	2	none	homebase	home	
After the ceremonies, food and refreshments were served. Someone had brought some fireworks, so that at dusk a final celebration was held. In the glare of the explosions, the surrounding mountaintops seemed to glisten with fire.  " We're real proud of you, Ida, " her mother said as the family	drove	home. Mr. Bidson was in the driver's seat. Felix and Ida were in the back.  " Real proud, " Mr. Bidson agreed. " Only thing is, you've got some real work cut out for you this summer. "  " Why? " Ida said, slightly alarmed.  " Well, you'll be going to high school in the fall, right?"	natural	COCA; 2010 (100924); Publication information  FEATURES; Pg. 28; The Secret School; A breakfast serials story; Avi, Special to the Chicago Sun-Times; NEWS: Chicago Sun-Times	drive	natural	natural	3	none	homebase	home	
Clementine led me up a hill into the woods. I followed her all the way and back to a small wooden shack on the side of a dirt road. It used to be a full bar before it was shuttered up sometime when our grandparents were kids. I had only ever seen it from the road. It was the kind of thing you	drove	by at night to scare yourself, but no one I knew had gone in person. In front of the shack, we crossed over a railroad that still carried coal across state lines.  There was an old story about the place everyone at school had heard.	natural	COCA; 2018 (2018/01/01); Vol. 76, Issue 1; Clementine	drive	natural	natural	3	none	listener	by	
" Is this where Billy White Feather lives? " " It's where he's supposed to live soon, " she said. " I was leaving him a note. Are you his girlfriend? " " I'm her roommate. " She sniffed like she had a cold. " What do you want with Billy? " " Billy leff me a note at my place up in Wyoming, " Oliver said. " Yeah? " " I don't know this Billy and I want to know why he left me a note. " " You drove all the way from Wyoming for that? " When she said it, it did sound sort of crazy. " I'm calling the cops if you don't leave, " she said.	drove	straight from there to see me. You've spent a good deal of the day talking on the phone. You've been under an incredible amount of stress. "  " You don't think asking foundations for money is stressful? "  " That isn't what you were doing. You were telling Porter to stay out of sight until it was safe. Whoever the hell Porter is. "  He stared at her in shock.	natural	COCA; 2017; Night watch; Iris Johansen; FIC: Night watch	drive	natural	natural	3	none	listener	straight from there	
That kind of radio consolidation might not make you mad if, like seemingly most of the world's media-savvy twenty- and thirtysomethings, you don't spend your mornings listening to drive-time radio.  That kind of consolidation has trickled down into newsrooms as well, meaning that local news coverage on most commercially owned radio stations is almost non-existent, just like local flair. As McChesney puts it, " Fifty years ago when you	drove	from New York to California, every station would have a whole different sound to it because there would be different people talking. You'd learn a lot about the local community through the radio, and that's all gone now. They destroyed radio. It was assassinated by the FCC and corporate lobbyists. "	natural	COCA; 2016 (16-08-10); The Telecommunications Act Of 1996 gave us shitty cell service; MAG: A.V. Club	drive	natural	natural	3	none	listener	from New York to California	
Canvassers there are eager to encourage all voters to get out to the polls. One canvasser, who declined to have his name for publication, was doing just that last week when he ran in to trouble. He and his canvassing partner, who are both Latino, noticed local Sheriffs were sometimes tailing them, but they continued their work.  They	drove	to a local convenience store for snacks, but when they got back into their car, they realized they couldn't back away from the parking spot because it was blocked by two Pueblo County Sheriff's vehicles.	natural	CORE; News Report/Blog; Voting Rights Watch 2012 | The Nation; http://www.thenation.com/blogs/voting-rights-watch-2012	drive	natural	natural	3	none	protagonist	to a local convenience store	
I saved reports I had done back in seventh or eighth grade showing this is what I wanted to do,' Grider said.' Anything I read when younger had to do with fishing Lake Michigan.' // He was a mechanic in Kenosha, Wis., and went to technical school but made the jump into fishing as work. //' I like working on cars, but I love fishing,' said Grider, who used to	drive	to Port Washington to cast from shore for salmon. //' At the beginning of high school, I worked in a body shop after school. I didn't care for that kind of work. I would rather be out fishing. I would rather be outside.'	natural	COCA; 2008 (080525); SPORTS; Outdoors; Pg. A51; Young captains born to the water; Grider, Griffin on fast track in guiding charters to the fishing spots they love; Dale Bowman, The Chicago Sun-Times; NEWS: Chicago Sun-Times	drive	natural	natural	1	none	protagonist	to Port Washington	
You drop the kids at Coretta's, because she's offered, and you meet Harold on a gray, muggy evening in Old Town at the Holiday Inn for a drink.  It turns out Harold sells only men's shoes, but you hide your disappointment. He's short, but so are you. His neck is fat and his features seem compressed in his large face. He doesn't say much, just smiles a lot, but he does pay for the drink. You thank him and say good night. You	drive	to pick up the kids, thinking about Reb. You replay his tape that night and his voice lulls you to sleep. You wake up once in the night with the headphones silent, but pressing against your ears.	natural	COCA; 1997 (Spring);  Vol. 19, Iss. 2; pg. 90, 22 pgs; African Queen; Alyce Miller; FIC: The Kenyon Review	drive	natural	natural	1	none	protagonist	to pick up the kids	
Our parents, who never went anywhere but out to dinner, had gone to Orcas Island for the weekend. Dad's company was having a convention. For weeks before they left we heard the details. How they would	drive	to Anacortes to catch the ferry, how they'd stay in a resort, dress for dinner, attend a masquerade and a dinner dance. A masquerade! A dinner dance!  Mom, who usually wore capris and one of Dad's old Oxford shirts, went shopping for dresses -- red, emerald green, iridescent, boat-necked, nipped in at the waist. Dyed-to-match high heels came in the mail.	natural	COCA;   2018 (2018/09/22); Vol. 4, Issue 2; The World's Most Outstanding Person	drive	natural	natural	1	none	protagonist	to Anacortes	
They decided they would take a break from the boxes they had been unpacking and the wallpaper they had been scraping to go skiing and snowboarding. It was the Lintons' first Sunday in New Hampshire, and they woke, took their equipment from the massive pile of athletic gear they had deposited unceremoniously in the mudroom off the front entryway, and Chip hooked everything into the rack on the top of the station wagon or wedged it into the back. They would	drive	to Cannon Mountain, where they would buy day passes for the family. Emily would snowboard with the girls while Chip skied alone. After five days of steady work, the stacks of boxes had begun to shrink and the corridors composed of cardboard had begun to diminish in both height and length.	natural	COCA; 2011; New York : Crown Publishers,Edition: 1st ed; The night strangers :a novel; Bohjalian, Chris, 1960-; FIC: The night strangers :a novel	drive	natural	natural	1	none	protagonist	to Cannon Mountain	
The guidance counselors were about the only ones doing real work. Even though most students had digested the information over the weekend, Goodwin said they had a steady stream of children not sure how to feel.  " We got a lot of kids in here that were shell-shocked, " she said.  Their emotions were still raw. But just weeks later, Bennett would make them forget that pain and remind them of the power of the human spirit.  Barbara Lasiter's days were long now that she was	driving	31 miles daily to visit Bennett.  After finishing work as secretary to Sandy Creek's guidance counselors, she and her daughter, Meaghan -- Bennett's girlfriend -- visited him every day at Emory and when he was moved to the Shepherd rehabilitation center in Atlanta.  At one time, she worried about her freshman daughter dating a senior, but her colleagues helped persuade her Dusty was different.  " Every teacher in school said,' He is just the best guy .	natural	COCA; 2004 (20040613); Sports; 2003-2004 High School Yearbook: THE INSPIRATION AWARD: DUSTY BENNETT: When the student became the teacher; CARLOS FRIAS; NEWS: Atlanta Journal Constitution	drive	natural	natural	2	none	protagonist	31 miles daily	
The day passed and our total of Christmas tree photographs crept over the 300 mark.  " Don't you think we have enough now? " Bob said.  " No, just a few more, " I said.  317, 332, 345, 356, 370.  " Now? " Bob said.  We had	driven	all the way across San Francisco again and were on Telegraph Hill, climbing down a broken staircase to a vacant lot where somebody had tossed a Christmas tree over a cyclone fence.	natural	CORE; Personal Blog; what are you going to do with 390 photographs of christmas trees - riza; http://riza.com/richard/read/samples/what-are-you-going-to-do-with-390-photographs-of-christmas-trees/	drive	natural	natural	5	none	speaker	all the way across San Francisco	
I walked in to see water pouring out of the ceiling and immediately ran upstairs to the bathroom thinking someone had left the tap on. Nothing. The men working in the basement shut the main water supply off to the house when we discovered that the man crack filling the drywall had mistakenly driven a screw through a hot water pipe, soaking the kitchen and most of the new drywall. I bit my lower lip, put the baby in the van and	drove	to Cackling Goose Market, our local health food store.	natural	CORE; Personal Blog;  *That* Kind of Day | Loose Gravel; http://aprilmackinnon.wordpress.com/2011/08/23/that-kind-of-day/	drive	natural	natural	3	none	speaker	Cackling Goose Market, our local health food store	
I buy A LOT through Amazon, thanks to Prime. And by " a lot " I mean that I buy things in all categories -- heck, last week I bought a toilet seat because with free 2 day shipping it turned out to be cheaper than if I	drove	to my local OSH or Lowe's.	natural	CORE; Opinion Blog; Amazon's Review System Needs to Be Changed; http://dearauthor.com/features/letters-of-opinion/amazons-review-system-needs-to-be-changed/	drive	natural	natural	3	none	speaker	to a local store	
One day I obtained Jim's address through the late Donnie Weaver and his wife Linda, of the Weaver-DeBusk family. I immediately wrote Jim a letter and introduced myself, mentioning the research I had been doing on his father, and asking if I could come up to visit him and gather information for an article about Jim himself. I also sent him copies of what writing I had done so far. We agreed on a date for the interview, and I	drove	to Jim's home near the Herr's Potato Chips plant in Nottingham, Pennsylvania, where we met for the first time.	natural	CORE; Narr+Infor Desc+Opinion Hybrid; I'm Going to Take a Trip By Joe Riggs; http://www.oldtimeherald.org/archive/back_issues/volume-11/11-6/jim-snow.html	drive	natural	natural	3	none	speaker	Jim's home	
I've had two interviews over the last few years and it's the same excuse with each one-- I'm not qualified enough. I can accept that but supposedly they've read my resume beforehand; my resume clearly shows my strengths. If they didn't feel I had enough experience, why waste my time (calling off work, risking my current job) to	drive	such a far distance to tell me this?	natural	CORE; Interactive Discussion; If i'm not qualified, why interview me in the first place; http://www.indeed.com/forum/cmp/Spherion/If-m-not-qualified-why-interview-me-first-place/t84172	drive	natural	natural	1	none	speaker	such a far distance	
The destination this year is Ashland, VA. I spied the college from the Amtrak train once and thought it looked charming. Now that I'm here, I ponder the efficacy of a railroad track running down the middle of the main street!  On the Tuesday before Turkey day, I left my Annapolis-area home at 11 to	drive	to this town about 15 miles north of Richmond. It takes about 2.5 hours via the main Route 95, about 3 hours via the old main Route 301.	natural	CORE; Personal Blog; Mini-Trip to Ashland VA ("Center of the Universe‚Äù!) | United States; http://www.fodors.com/community/united-states/mini-trip-to-ashland-va-center-of-the-universe.cfm	drive	natural	natural	1	none	speaker	this town	
She said that she and her husband, a construction worker, had been interested in Habitat for a long time. She welcomed the chance for her children to see their father at his trade and to make a contribution to the community. They will be back Saturday after Saturday, she said, until they see the neighborhood come alive. " It's a way of being grateful, " she said. Later I	drove	around an established Habitat neighborhood with Shelly LaFleur, a marketing associate with HFHSA. One house had towering sunflowers in the front yard. Most had carefully trimmed lawns, but one lawn was overtaken with weeds. LaFleur made a note of the house number. Weeds in the yard, she said, could be a sign that the family is in trouble in other ways.	natural	COCA; 2008 (Dec 16, 2008); Publication information;  Vol. 125, Iss. 25; pg. 10, 2 pgs; One house at a time; Amy Frykholm; MAG: Christian Century	drive	natural	natural	3	none	speaker	around an established Habitat neighborhood	
What she was after wasn't shopping so much as salvaging-the thrill of the hunt, the challenge of finding in a rag pile something discarded but beautiful, the triumph of saving it from obliteration. She loved junk stores, thrift shops, yard sales, auctions where every item came, like a stray cat, with a secret history. She saw herself as belonging to a subculture, the cognoscenti she called junkers.  " It's a gorgeous day, let's go junking, " she'd say, and we would	drive	to some small town in Wisconsin or Indiana where she'd heard from reliable sources that the church ladies were holding a bazaar, or sometimes out into the countryside, as far away as Iowa, where Saturday was auction day. Her quests took us from Chicago to Milwaukee, Indianapolis, Cleveland-different cities, but the same neighborhood of shabby streets, where Goodwills and Salvation Army stores were located near Greyhound terminals and railroad stations.	natural	COCA; 2004 (Spring); Vol. 80, Iss. 2; pg. 85, 13 pgs; A Steamer Trunk; Stuart Dybek; FIC: The Virginia Quarterly Review	drive	natural	natural	1	none	speaker+protagonist	to some small town in Wisconsin or Indiana	
He stared across at me, a hard, uncomfortable look. " That's not the only thing that isn't there.... "  " Huh? What? "  " There are no such people as Dennis and Jay. "  " Sure there are. I've known them for years. I gave you their address. "  " Yes. We checked that too. "  " Google Maps again? "  He shook his head. " I asked a colleague to	drive	over and speak to them in person. "	natural	COCA; 2016; Hoboken Vol. 131, Iss. 3/4,  (Sep/Oct 2016): 136-183; The Dunsmuir Horror; Gerrold, David; FIC: Fantasy & Science Fiction	drive	natural	natural	1	other; ask	3rd	over	
Kathryn Galvin was one of eight siblings -- seven of them girls. She graduated from Holy Cross Academy in Brookline and was attending Newton College of the Sacred Heart when a sister of Kevin White, who was attending Boston College Law School, arranged a blind date. They soon fell in love.  One cold winter day, he arrived at the Sacred Heart campus when they had not planned a date. He asked her to	drive	with him to Cohasset, where he proposed as they walked along the seashore, holding hands in the chilly wind. They married in 1956, right after she graduated from college.	natural	COCA; 2017 (17-05-01); Kathryn White, elder advocate and former first lady of Boston, dies at; NEWS: The Boston Globe	drive	natural	natural	1	other; ask	accompaniment	to Cohasset	
Mr. Earhart, 34, arrived in Iraq in October to work as a dog handler for a bomb-detection company hired by Custer Battles. A former sheriff's deputy in Maryland, he said that there were not enough weapons and that his body armor was substandard.  " If you didn't get to the supply room in time you wouldn't have a gun, " he said.  Mr. Earhart said the breaking point came when he was asked to	drive	unarmed to Baghdad from Amman, Jordan. " I felt my safety was in jeopardy, " he said.  Mr. Battles, of Custer Battles, said that it had taken longer than expected to get weapons shipments, and that the company had had " growth issues, like everybody else. "	natural	COCA; 2004 (0404); Security Companies: Shadow Soldiers in Iraq; NEWS: New York Times	drive	natural	natural	1	other; ask	attitude holder	to Baghdad from Amman, Jordan	
Thelma's disease has meant that she has not been able to go back to teaching elementary school when her boys were gone, as she had hoped. Her health has been too erratic; it has kept her at home, where Harry could usually find her. This noon when he called from a pay phone in Brewer he expected her to answer and she did. He asked if he might	drive	over and she said he might. She didn't sound happy to hear from him, but not distressed either: resigned, merely.	natural	COCA; 1990; Fawcett Crest, New Yorkl Rabbit at Rest; John Updike; FIC: Rabbit at Rest	drive	natural	natural	1	other; ask	attitude holder	over	
Some of these letters were framed like declarations of principle on the wall in the office of the editor, Phil Stevens, whom Edie had convinced to give me a job as a cadet journalist. Soon I was writing copy about wheat subsidies and droughts, and doing vox pops about how to bake the perfect sponge or how a Greek orthodontist - a Greek Orthodox orthodontist - had just opened up in town. One morning Phil asked me to	drive	a couple of hours to interview Nicholas Sharpe, a doctor with a reputation for philanthropy who' d been elected to the federal senate. Phil told me the story was pretty straightforward. Halfway between the newspaper's offices and the senator's estate was a sporting and business club, Pyrene, an air-conditioned oasis in the desert, he said, which was frequented by some of the men in town.	natural	COCA; 2015; Spring2015, Issue 220, p36-44. 9p; PYRENE; GAMIELDIEN, ZAHID; FIC: Overland	drive	natural	natural	1	other; ask	speaker	none	
Last week, I received a jury summons for Arapahoe County. The summons requires me to appear at the Arapahoe County Court at 15400 E. 14th Pl., near Colfax and Chambers in Aurora. I live in Centennial, within 5 miles of the main judicial complex in Arapahoe County. So why am I being asked to	drive	more than 20 miles to serve in Aurora? This seems outrageous when gasoline prices are over $3.15 per gallon and we are being reminded daily that we must conserve energy and do all that we can to limit unnecessary driving in order to alleviate global warming.	natural	COCA; 2008 (080413); PERSPECTIVE; Pg. D-02; OPEN FORUM; NEWS: Denver Post	drive	natural	natural	1	other; ask	speaker	more than 20 miles	
We sat across from each other on her living room couch, and after I told him what I'd done, I cried so hard that I couldn't speak for several minutes. We talked for an hour, about what we could expect to happen now, and what it WOUld mean to the children. I could tell that James was trying hard to stay calm. Then we went home and called the children-they all lived in Madison at the time-and asked them to	drive	over to the house. While they stood awkwardly around the kitchen, I told them what I'd done. They were shocked, disappointed, and, at times, angry.	natural	COCA; 2000 (Apr); Vol. 230, Iss. 4; pg. 99, 4 pgs; Taking money was easier than I thought; Susan Hansen; MAG: Good Housekeeping	drive	natural	natural	1	other; ask	3rd	over to the house	
The old cousins also sensed that within Timmy's affection for Jennifer there was a discomfort about her professionalism and salary. Though he enjoyed doing what he did, and she didn't enjoy what she did, he seemed to register the worldly contempt for his hand-to-mouth, month-to-month existence.  " He's doing well, " said Hugh. " I haven't had to give him a nickel. He's got plenty of work. Turns down jobs. Thinking of buying a little house in San Rafael. He just asked if I'd	drive	up tomorrow to look at it. "	natural	COCA; 1999; # 1999, Vol. 84 Issue 3, p423, 17p; Grandpa; Stern, Richard; FIC: Southwest Review	drive	natural	natural	1	other; ask	speaker	up	
A secluded valley cradles the Hidden Creek Ranch. Diversions include everything from roping and riding to minicourses in Native American crafts, but some visitors do little except laze in a hammock, soak in a hot tub, or take a slow boat ride on nearby Blue Lake. Hidden Creek is owned by husband-andwife team John Muir and Iris Behr, who bought the 570-acre ranch in 1992. " The thing that really attracted us was the fact that you	drive	in here and you don't see anybody else, " says Muir, whose ancestors do include the famous naturalist but who himself faintly resembles Ernest Hemingway. The earlier John Muir shared his passion for the outdoors through evocative writings that urged people to seek out wild places and preserve them.	natural	COCA; 2000 (Sep); Vol. 205, Iss. 3; pg. 24, 4 pgs; Idaho's lovely land of lakes; Julie Fanselow; MAG: Sunset	drive	natural	natural	1	other; attract	listener	in here	
Teachers from 11 out of the 13 schools visited reported that they had very high levels of parental involvement in the school. One teacher explained that if a parent called to say that his or her child missed the bus then someone in the school, often the principal or secretary, would	drive	to the student's home to get them. In one small school parents helped raise money to build an addition to the school. Teachers also reported that parents volunteered in the classroom to help struggling students and that the school had Saturday evening homework meetings where parents could come to the school, bring a blanket and a picnic and talk with other parents as well as school staff.	natural	COCA; 2006 (Summer); Summer2006, Vol. 25 Issue 3, p3-12, 10p; Characteristics of Effective Rural Elementary Schools for Students with Disabilities.; Nagle, Katherine M. / Hernandez, Glenda / Embler, Sandra / McLaughlin, Margaret J. / Doh, Frances; ACAD: Rural Special Education Quarterly	drive	natural	natural	1	other; explain	3rd	to the student's home	
ADAMS: What have you been able to figure out actually happened in Birmingham that night -- that Thursday night? GORKA: Oh, I heard there was a good turnout and I think it was the best crowd -- it was the second time I've played there and it was by far the best crowd that I'd had. And then I guess there was a TV camera crew as well, and they held the doors, I guess, for a while, just hoping that I would	drive	up and, you know, so I could quickly do a sound check, but I never made it ADAMS: Did somebody get up and make an announcement, saying we just simply don't know where he is? Is that what happened? GORKA: Apparently they made an announcement and they refunded everybody's money.	natural	COCA; 1998 (19981124); Missing A Concert; SPOK: NPR_ATC	drive	natural	natural	1	other; hope	speaker	up	
" You got behind it in the cockpit, you realized how serious it was, " Bush said. " It was a very serious business to get the plane safely off the ground and be able to land it. And it required obviously a certain amount of skill, and a lot of focus and attention. "  Staudt said the flying experience imparted steeliness to his men. But he dismissed the idea that flying the planes was risky.  For properly trained pilots, he said, " I imagine	driving	on the Houston freeway is more dangerous than flying an F-102. "	natural	COCA; 1999 (19990411); A; Pg. 1; BUSH: THE HOUSTON YEARS;; ^I didn^t have a grand plan,^ governor says of his youth; ALAN BERNSTEIN, Houston Chronicle Political Writer; NEWS: Houston Chronicle	drive	natural	natural	2	other; imagine	3rd	on the Houston freeway	
She had been counting on that summer between college and law school. First of all, she was going to defeat Richard Nixon. Then, in her spare time, she would read The Magic Mountain, listen to Corelli's concerti grossi, visit every museum in Manhattan, and, in short, get the liberal education she would have gotten at Cornell had she not been protesting the war, challenging racism, and cooking pasta for radicals. Admittedly, in the back of her mind, she also knew that she would drive by Jazz Taylor's house a few times a day. Not that she was obsessed anymore, but the memory of him--- his well-muscled thighs, the sunlight on his hair, his niceness---? remained, her valentine, her most romantic memory. But by the time Lee said goodbye to her friends after graduation, loaded her clothes and books and stereo in her car, and	drove	back to Long Island, she discovered that Robin and Ira were already there, having moved into Robin's room.	natural	COCA; 1996; Harper Collins, New York; Lily White; Susan Isaacs; FIC: Lily White	drive	natural	natural	3	other; knew	protagonist	by Jazz Taylor's house	
HELEN: You made that from my cupboard? NATHAN It would be better if you had fresh hazelnut. And powdered sugar. But it's still really good. Helen is eating, Nathan doesn't try it. HELEN You cook a lot? NATHAN At home. At first I could only make steak, rice and green beans. Not that my mom or sister even notice. But I taught myself a lot of stuff. Pastries, and fresh bread, those are easy. I'm working on a glazed salmon with risotto. Did you know you have to	drive	90 minutes to get frisee lettuce? Helen tries not to choke with laughter but Nathan doesn't see her, since he is still cooking. HELEN I'd love to try anything you make.	natural	COCA; 2007; Havoc 2: Normal Adolescent Behavior; FIC: Mov:Havoc2	drive	natural	natural	1	other; know	attitude holder	90 minutes	
Cattle had to be fed or sold, and either choice made under duress was a bad one. It was costly to buy feed, and forced selling was a sure way to lose because cattle prices were as fickle as wind.  Of course I inquired about part-time labor, but construction in town, Henry said, had absorbed every available man. " You wouldn't know the place if you	drove	through, " he said. " There are office buildings and new houses everywhere. There ain't no one going to dig ditches. "  So every morning I put on my mother's black rubber irrigation boots and her gray gloves with the palms worn smooth by the handle of a hay rake or by the steering wheel of the tractor, and I worked on the ditches.	natural	COCA; 1990; Winter90, Vol. 26 Issue 1, p133, 13p; A Country of My Own Making; Nelson, Kent; FIC: Southern Review	drive	natural	natural	3	other; know	attitude holder	through	
Allie: Hi. I got your message. So what's up? Jake: What would you say to Cabo San Lucas for the holidays? Christmas on the beach? Allie: I'd say forget it, Jake. You know I'm	driving	home to see my family.. I thought since we live a few blocks from each other we might even share a ride. Jake: I just thought we could have some fun this Christmas. Allie: No, you just thought you could have some fun. My mom and dad would be crushed if I didn't go home.	natural	COCA; 1998 (Nov); # . Vol. 22, Iss. 4; pg. 24, 7 pgs; I'll be Home for Christmas; FIC: Scholastic Action	drive	natural	natural	2	other; know	homebase	home	
Even though I was born in Ansley Park, and John Henry and I have lived here for over ten years, it still gives me a little thrill to drive through my neighborhood. I just love the tall old trees, the fine architecture, the sense that even though the skyscrapers of Midtown frame the neighborhood, when you are in Ansley Park you are in the South. So many of the old houses here remind me of the houses that line Franklin Street as you	drive	into Chapel Hill, where John Henry and I met, or rather, where we began our relationship, as we had met once or twice before we went to college.	natural	COCA;   2009; New York : Simon & Schuster; Bound south :a novel; White, Susan Rebecca; FIC: Bound south :a novel	drive	natural	natural	1	other; remind	listener	into Chapel Hill	
Valli, who was not injured, said in a written court statement that the Toyota " slowed down too much for me to stop in time, and I drove over the rear of the car. " He estimated his speed at 60 mph, but an attorney for the Pinon family said others estimated that Valli had been going 75 mph.  " We were told he was never going to	drive	again, " said Pinon, now 20. " I thought that would be just common sense. I was really shocked to hear that he was driving. "  Valli received a commercial license from Nevada in 2002. After the 2007 accident, Valli found work in California, where, over the next two years, he was cited five times for speeding in a commercial vehicle and once in a personal car, California records show.  Three of the tickets were for speeding while driving a school bus, records on file in Nevada show. He was also cited for using a cell phone while driving a personal vehicle	natural	COCA; 2011 (110628); Main News; Pg. A1; Trucker^s bad record: tickets, ^07 accident; NEVADA TRAIN CRASH; Will Kane, Jaxon Van Derbeken, Michael Cabanatuan and Henry K. Lee, Chronicle Staff Writers; NEWS: San Francisco Chronicle	drive	natural	natural	1	other; shock	protagonist	none	
It's a tall task trying to convince residents that the annoying creatures with bright orange incisors, hunched backs, and long skinny tails belong on the dinner table. Some people are bothered by the orange teeth. But I think what it is -- see, around here, they're so common and they're in our roadside ditches and stuff, and along our highways and byways, that they get run over a lot. They're very slow-moving animals and so you see dead nutria on the roads everywhere you go. I would be willing to wager that if you	drove	around anywhere in the United States and saw dead cows on the side of the road, people would stop eating beef. Road kill aside, wildlife officials say alligator, crawfish, and even red fish were a hard sell at first. Now, they're considered staples of Cajun cuisine. So the state has turned to Cajuns like Art Conyea to help develop the market for nutria.	natural	COCA;   1998 (19980707); Nutria Cuisine; SPOK: NPR_ATC	drive	natural	natural	3	other; wager	listener	around anywhere in the United States	
The new D &D Farm and Ranch store northwest of Houston is Hawkins' dream come true. A motherlode of Western wear - some 9,000 pairs of jeans, more than 10,000 pairs of boots and 8,000 shirts with labels from Cinch to Tommy Hilfiger. Not to mention 300 to 500 English and Western-style saddles. Eventually Hawkins plans to have a saddle-maker on site.  " We want to be the complete one-stop shopping center for cowboys, " said Hawkins. " People	drive	250 miles to get our stuff, and we want the whole family to be happy - whether you are a novice in the Western world or a professional. "	natural	COCA; 2000 (20000612); HOUSTON; Pg. 1; SHOP ^TIL YOU DROP Y^ALL;; Georgette Hawkins brings a touch of the exotic to the cowboy in all of us; BARBARA KARKABI; NEWS: Houston Chronicle	drive	natural	natural	1	quote	3rd	250 miles	
Currently there are more than a dozen public and private skating facilities in the Washington area, but just how many massive ice skating complexes this area can support is still open to question. " We are probably getting pretty close to the saturation point in the Washington area.... There is always the risk of overbuilding, " acknowledged SkateNation's Geier.  But George Parr of McLean's ARC IceSport points to an obvious need for more facilities. " There is such pent-up demand " near the Rockville facility, said Parr. " People	drive	70 miles for their kids to practice and play hockey. "	natural	COCA; 1997 (19970623); FINANCIAL; Looking for Hot Opportunities in the Rinks; Private Firms, Investing in Larger Ice Arenas With Extras, Want to Shrink the Off-Season; Sandra Evans , Special to The Washington Post; NEWS: Washington Post	drive	natural	natural	1	quote	3rd	70 miles	
In recent years, some fishermen have stressed conservation - take only what you're going to eat and release the others.  In the past, " fishermen would get so excited they would forget they can take fish off the hook and throw them back in the water, " Ross said. " They would	drive	off and leave the stack of bluefish on the beach. "	natural	COCA; 1992 (19920112); Bluefish''s Power, Availability Draw Fishermen; By MARTHA WAGGONER, Associated Press Writer; NEWS: Associated Press	drive	natural	natural	1	quote	3rd	off	
ZWERDLING But as you write in your book, you are very worried. You are convinced that as soon as Corea leaves your sight, as soon as he leaves the U.S. embassy, that the secret police will kill him HEMPSTONE Mm-hmm ZWERDLING So what did you do to protect him? HEMPSTONE: Well, I	drove	with Corea in my car to the airport... ZWERDLING: Just you, your driver? HEMPSTONE: Yeah, and one security guy riding shotgun, as it were. Four of us. I was concerned about what might happen to him ZWERDLING And the airport -- I mean, there's this amazing scene in your book -- where the airport is swarming with plainclothes... HEMPSTONE: Muscular young men, yes.	natural	COCA; 1997 (19971109); Rogue Ambassador; SPOK: NPR_ATC	drive	natural	natural	3	quote	accompaniment	with Corea in my car to the airport	
" Anyway, I really ought a let you go, Mom. I don't want to fall behind with studying. " " I'm so proud of you, April. You remember that your father and I are driving down next weekend, right? You pick out wherever you want to eat, and then maybe we can meet some of your friends. I know they won't want to hang out with parents, but tell them we'll buy ice cream. " April laughed. " Sure, Mom, " she said. " When you guys	drive	down I'll bring everybody. "	natural	COCA; 2015; Fall2012, Vol. 33 Issue 4, p135-146. 12p; Less Awful.; Heronry, David (AUTHOR); FIC: New England Review	drive	natural	natural	1	quote	embedded listener	down	
Steve's eyes were closed, and he started snoring.  She nudged him. " Shouldn't you get home? It's past dinner time. "  He sat up, blinking.' Yeah, guess I'd better. "  Claire gave him leftover coffee from the morning and found some old gum for him to chew.  " You okay to	drive	home? "  He nodded. " I'm just next door. " He held her face with one hand. " Always will be. "	natural	COCA; 2019 (2019/03/22); Vol. 93, Issue 1; Worms	drive	natural	natural	1	quote	homebase	home	
Japan looks good - All of the CART drivers who participated in testing two weeks ago at the new Twin Ring Motegi oval track in Japan were impressed with the speedway and the surroundings.  " It's just unbelievable, " Gil de Ferran said. " You	drive	into this mountainous region and think,' How on earth could somebody build a racetrack in a place like this?' And they did such a fantastic job. "	natural	COCA; 1997 (19971115); SPORTS; Pg. 11; Thunderbird taking its final laps; TERRY BLOUNT; Terry Blount covers motor sports; NEWS: Houston Chronicle	drive	natural	natural	1	quote	listener	into this mountainous region	
She had told me to watch for a turn onto a gravel road just before the road that led to the dam. I'd found the turn and was starting to make it when she put her hand on my shoulder.  " I want to go swimming first, " she said. " You	drive	on up to the dam. "  " We'll swim at the cabin, " I said.	natural	COCA; 1992; Winter92, Vol. 28 Issue 1, p45, 10p; The Lady of the Lake; Ely, Scott; FIC: Southern Review	drive	natural	natural	1	quote	listener	on up to the farm	
By its own estimates, the government believes that only 1 in 20,000 eggs contains Salmonella enteritidis, which can be killed simply by cooking eggs so they are no longer runny. Opponents like to point out that at a rate of five deaths a year, fewer people die from eating Salmonella enteritidis-tainted eggs than from lightning strikes.  Ralph Ernst, a poultry specialist in the animal sciences department of the University of California at Davis, said: " If you	drive	to the store to get eggs, you're taking a much greater risk than eating those eggs raw. So how much time do you want to spend worrying about eggs? "	natural	COCA; Date  2000 (20000419); NEWS; Pg. A1; U.S. Scrambles to Ensure Egg Safety;; ; But critics say plan to eradicate Salmonella strain is an overreaction; Kim Severson, Chronicle Staff Writer; NEWS: San Francisco Chronicle	drive	natural	natural	1	quote	listener	to the store	
" Okay, I'll take the truck in to... "  " You most certainly will not take the truck, " Sally said resolutely. " Didn't the Rocky Mountain News recently declare you to be one of Colorado's leading citizens? How would it look if you	drove	onto campus in that ugly old truck. We will take the car. "  " We will take the car? "  " Yes, I'm going with you, " Sally said with a smile. " I would dearly love to do some shopping in Boulder. "	natural	COCA; 2013; New York : Pinnacle Books; Butchery of the mountain man; Johnstone, William W.; FIC: Butchery of the mountain man	drive	natural	natural	3	quote	listener	onto campus	
He rang the other doorbell, waited, rang it again, and waited a long time before he saw in the stairwell a shirtless white man, built like a football player gone badly to seed and to beer. " Do you know a Karen Borkowski? " Harry said. " I know the Karen Borkowski, " the man said. " Who are you? " " She works for me. I own a bowling alley. " Harry pulled out his card. " She's missed work. I'm concerned. " " And you	drove	all the way over here? " the man said. " You must be a great boss. Got any openings? " " No, " Harry said. " Unless you want to wait tables. "	natural	COCA; 2002; New York :; Harcourt, Edition: 1st ed; That's true of everybody : stories; Winegardner, Mark, 1961; FIC: That's true of everybody : stories	drive	natural	natural	3	quote	listener	all the way over here	
" Robin Williams always felt a little guilty about all the good things he was given, so he had a real place in his heart for people who were homeless and suffering. He and Whoopi and Billy not only did the show, they would go to shelters together and meet the people they were helping. They were the real thing. "  David Steinberg, the comedian who shared the stage with Williams in a 2013 concert tour, testifies to the star' s devotion to his mentor Winters, who died last year. " He would	drive	to Santa Barbara weekly, " Steinberg recalls, " to make sure Jonathan was okay: one comic genius looking after another comic genius. Robin looked after everyone. If only he would have looked after himself. "	natural	COCA; 2014; 8/25/2014, Vol. 184 Issue 7, p42-53. 10p; The Heart Of Comedy; Corliss, Richard; Coyne, Kate; Dodds, Eric; Feeney, Nolan; Getlen, Larry; Lane, Laura; Heyman, J.d.; Rice, Lynette; Steinmetz, Katy; Begley, Sarah; MAG: Time	drive	natural	natural	1	quote	protagonist	to Santa Barbara	
As Homan Square's first construction phase went up this summer, the city's Department of Housing invested $ 1.5 million in sewers, streets and sidewalks. Earles hopes that this progress might extend a few blocks south to his part of town.  " I see that around Homan Square and the new United Center, lawns are manicured, sidewalks and curbs look new and clean. I am happy about those developments, " Earles said. " But I	drive	back into the old part of the neighborhood and people still have to walk on the streets or near curbs because sidewalks are hazardous. "	natural	COCA; 1994 (19941113); SUNDAY HOMELIFE; NEIGHBORHOODS; Pg. 1; NC; Built to Order; By Jeanette Almada; NEWS: Chicago Sun-Times	drive	natural	natural	1	quote	speaker	back into the old part of the neighborhood	
" Simpson? He must be the odd duck who believes in flying saucers. I've heard he had something to do with books. He lives the other side of town. " " How would we find it? " Adrian asked. Mrs. Farmstead added quickly, " If we wanted to look him up, maybe say hello. " " " I'd have to draw you a map, " Isabel said. " No house numbers in a town like this. " Adrian looked from the map to Mrs. Farmstead. " Thanks, " she said. " Maybe we'll	drive	past there on our way to the Canyon in the morning. "	natural	COCA; 1999 (Sep); Vol. 119, Iss. 9; pg. 38, 20 pgs; The giftie; James Gunn; FIC: Analog Science Fiction & Fact	drive	natural	natural	1	quote	speaker	past there	
He paused as if waiting for her to introduce herself or offer a handshake. She did neither. She was supposed to interview him about the foreman's job -- two hours from now. Nowadays people called it ranch manager, but she figured if foreman was a good enough title for Monte, her dad's old friend, it was good enough for whomever she hired.  " Sorry to be so early, " he said. " I	drove	from Amarillo and made better time than I expected. "  " You must have left in the dead of night to get here by sunrise. "  He offered no explanation. Maybe he awoke hours before daylight the way she did, worming over the things she could change and the ones she couldn't.	natural	COCA; 2009; Don Mills, Ont. : MIRA; The wind comes sweeping; Preston, M. K. 1944- (Marcia K.); FIC: The wind comes sweeping	drive	natural	natural	3	quote	speaker	from Amarillo	
" I saw a huge dark form beside the road, like, too close to the road. "  Matty stopped eating and stared at her mother. Caris had pulled the tea towel from the oven rail and was rubbing at her wet hair.  " Yes, " said Caris, " it was scary, sort-of. But what I thought it was, at first, was one of those haystacks they cover with black plastic. That it had somehow fallen there, close to the road.  " I	drove	past before I knew what it was, and then I did a U-turn and raced straight back.  " I realised suddenly, because as I drove past, I half saw a group of cows at the fence nearby, and one had her head right over. Then it registered, you see, what the dark thing was. It was a cow, a little one. "	natural	COCA; 2018 (2017/05/01); Vol. 43, Issue 1-2; The Silence	drive	natural	natural	3	quote	speaker	past	
For Christmas, Lyla's parents had given them a thousand dollars to be spent on a honeymoon, sowing the seeds for months of argument. Bill wanted an adventure, but LyIa, who had already had too many adventures, wanted to relax. She wanted sun and wine. They should spend the whole time in Italy, she said.  " But where's the thrill? " Bill had asked.  " We could take a side trip, " LyIa said, " and	drive	over the Alps into Switzerland. That's exciting. "	natural	COCA;   2011; Fall 2011; La Moretta; Shipstead, Maggie; FIC: The Virginia Quarterly Review	drive	natural	natural	1	quote	speaker+addressee	over the Alps	
" I was born in Newport, Rhode Island, " Will said. " Newport? Oh, my goodness, my husband and I lived in Providence, and we just loved Newport. Our favorite restaurant was the Pier? do you know it? "  " Lobster bisque, " Snow said. " I loved the Pier's lobster bisque before I became a vegetarian. And Fred loved their seafood stuffing. Remember how he'd always have baked stuffed lobster, Dad? " " I do, " Will said. " We'd	drive	down to Newport nearly every Saturday, just to ride around and see the mansions and go to the Pier. "	natural	COCA; 1999; Bantam, New York; Cloud Nine; Luanne Rice; FIC: Cloud Nine	drive	natural	natural	1	quote	speaker+addressee	down to Newport	
" You want to turn back after lunch? " she offered. Hisako looked up from her snow picnic hesitantly. " I know how badly you want to go to the hot springs... " " Not so bad I'll drag you there when it's making you feel awful. " " Really? " " It's a holiday, right? " " You won't be mad at me later? " " What do you take me for? " Megumi asked. " We can	drive	down to the public one. It's not as nice, but it'll be warm. " " We've been walking for over three hours, " Hisako looked at her watch. " It's getting kind of darker, don't you think." " It'll be faster going downhill, " Megumi promised. sniffing and Megumi didn't know if it was only her nose, or if she was crying.	natural	COCA; 1999 (Apr/May); Vol. 9, Iss. 3; pg. 82, 5 pgs; Drift; Hiromi Goto; MAG: Ms.	drive	natural	natural	1	quote	speaker+addressee	down to the public one	
There are several weighty ironies observable here. That Rachel, whose residents are fierce in their assertion of their freedom and independence, owe much of their livelihood to one of the great symbols of federal intrusion, a top-secret military base. That this base, so secret that until the 1990s the government refused to even acknowledge its existence, has become a tourist attraction, that people drive for long distances specifically to ogle a place that the proprietors would strongly prefer went un-ogled. And that, having arrived, said tourists generally	drive	out to the base itself (the Little A'Le'Inn staff is happy to give you directions), where they sit in their cars and watch the Camo Dudes, who watch them right back .	natural	COCA; 2016; Ann Arbor Vol. 55, Iss. 4,  (Fall 2016): 480-0_8.; THE PASSION OF SHEEPDOGS; Haggerty, John; FIC: Michigan Quarterly Review	drive	natural	natural	1	say	3rd	to the base	
I was an insurance industry executive for about 20 years, and I was a journalist in my first career. I was a newspaper reporter. And I grew up in the Southern Appalachian area in eastern Tennessee. And in 2007, I went back home just to visit my folks and read in a newspaper about something called a health care expedition that was being held not far from where I grew up. And I went there out of curiosity. The paper said that people were expected to	drive	from as far away as Ohio and South Carolina to come to get care that was being provided free by doctors and nurses and dentists who were volunteering to do this over three days. I went there, borrowed my dad's car, and when I got there, I saw something I just would not have expected, never would have expected to have seen in the United States.	natural	COCA; 2013 (130711); Former Insurance Exec Offers An Insider^s Look At Obamacare; SPOK: Fresh Air 12:00 AM EST	drive	natural	natural	1	say	3rd	from as far away as Ohio and South Carolina	
" The trouble is that cougar coverage has become a hype mill, a neon sign instead of a process that produces rational conclusions, " said Sewell.  " The media makes it seem like the state is crawling with mountain lions, when most dedicated hikers spend their entire lives without even seeing a track, " said Sewell. " And as relatively rare as lions are, seeing one should be a thrill, not a reason for fear. "  Sewell said he was	driving	with a park ranger at the Point Reyes National Seashore recently " when we were flagged down by a jogger who asked us with terror in his eyes if he were in any danger from a mountain lion attack. It's sad, because all the disinformation is preventing people from enjoying the outdoors. "	natural	COCA; 1995 (19951218); NEWS; Pg. A1; JELLYFISH KILL MORE PEOPLE; Cougars^ Real Problem May Be Their Bad P.R.; Glen Martin, Chronicle Staff Writer; NEWS: San Francisco Chronicle	drive	natural	natural	2	say	accompaniment	with a park ranger at the Point Reyes National Seashore	
When they tried moving the vehicle from the Woodland Terrace home, Rose said, they were unable to turn it because of the snow.  " We got the town to send snow plows, and we had to back the apparatus about three-quarters of a mile, " he said. " And we had to get the woman to move her car, which she did reluctantly. "  From there, Rose said, they began	driving	the vehicle down into town -- and first almost hit low-hanging wires on Washington Avenue, then were stopped by a tree blocking the road on Cedar Crest.	natural	CORE;   News Report/Blog; Firefighter: Department Struggles to Get to, From Fire Scene; http://bridgewater.patch.com/articles/firefighter-department-struggles-to-get-to-from-fire-scene	drive	natural	natural	2	say	attitude holder	into town	
" Jackson, " Ryan said to me now, handing me another pint of beer. " We're going. " With the money my mother sent for Valentine's Day, I bought a round-trip ticket from San Jose to Spokane. It would've cost twice as much to fly into Missoula, and Ryan had said he'd	drive	to Spokane to pick me up. I thought it was sweet that he offered to do that. Then he asked if a few more guys could stay at Lisette's condo. I didn't know how big her condo was, or how many beds or what, but I told him as many as he wanted, if people didn't mind sleeping on the floor.	natural	COCA;   2015; Fall2012, Issue 112, p146-161. 16p; Montana; O'Brien, Colleen (AUTHOR); FIC: Confrontation	drive	natural	natural	1	say	attitude holder	to Spokane	
My co-workers at the DMV probably decided I need a holiday consolation and donated the food. Last month I flunked the written driver's test of a dry stick named Iris McCarthy, and she opened her purse long enough for me to see her ladies' pistol glistening like a silver fish. She said I was keeping her from	driving	to Sacramento to beg her boyfriend not to leave her for someone younger. She stared at my nameplate. " I'll find out where you live, " she whispered.	natural	COCA; 2004 (Summer); Vol. 62, Iss. 3; pg. 416; East Bay Grease; Katherine Vaz; FIC: The Antioch Review	drive	natural	natural	2	say	attitude holder	to Sacramento	
He had typically worn a ponytail in Hawaii, but his hair was short now, and he had a goatee. He was warm and relaxed as we sat down at a table, and it was easy to understand why people have always been drawn to him.  Still, he grew bitter each time the conversation turned to the subject of his drunk-driving arrest. He was adamant that he had not been intoxicated, and was preoccupied with the notion that something else must have been behind the stop. On the night in question, he said, he' d	driven	to Kailua-Kona, the biggest city on the island' s western side. He' d had a few beers with friends over the course of several hours. At about 2 o' clock in the morning he began the hour-long trip back to Kohala.	natural	COCA; 2014; Sep2014, Vol. 314 Issue 2, p70-84. 14p. 8 Color Photographs, 1 Black and White Photograph; THE ESCAPE ARTIST; Wolfson, John; MAG: Atlantic	drive	natural	natural	5	say	attitude holder	to Kailua-Kona	
I closed my eyes. I remember thinking, I don't understand this woman. I found that unsettling, given that we were getting married in a few weeks, but then my thoughts shifted again, and I was picturing Little America as a place of green lawns and comfortable beds and two-story houses with bay windows where aproned women watched birds eat seed out of wooden feeders. The predominant color was green. That I found comforting.  Vivian's voice drifted down to me. She said, " I'm	driving	tomorrow, Anthony. "  I didn't answer. I was in no shape to argue. I just kept thinking about Little America somewhere off in the distance.	natural	COCA; 1998 (1998);  Vol. 83, Iss. 1; pg. 41, 12 pgs; Little America; Edward Falco; FIC: Southwest Review	drive	natural	natural	2	say	attitude holder	none	
LLOYD: So anyway, as soon as I got to town and found the suitcase I tried to look you up but I didn't know your last name. MARY: I don't believe it. You really have it. LLOYD: Course I have it. When Lloyd Christmas drives a woman to the airport, he makes sure she gets all her luggage, no matter what he has to do. MARY: This is incredible. You mean to say you	drove	two thousand miles just for me? LLOYD: Well... no... I mean, you know, there were other reasons... Actually, yeah, I guess I did. MARY: That is the sweetest thing I've ever heard.	natural	COCA; 1994; Dumb and Dumber; FIC: Dumb and Dumber	drive	natural	natural	3	say	attitude holder	two thousand miles	
" Is your friend here for the convention? " Della asked. " The one at the Civic Center? "  The woman looked puzzled for a minute, then told Della that, no, her friend and she were traveling further south but that he had business in Roanoke and had left her here to have lunch while he saw some people. She said that they had	driven	all the way from Leonia, New Jersey, that morning and that she therefore welcomed the time to relax and get herself back together before they started off again but that now she felt she had been kept waiting long enough. She said that she and her friend -- she called him Mr. Sutman -- were on their way to Atlanta where she was going to visit her sister, but she wasn't sure how far they would get that afternoon.	natural	COCA; 1992; Autumn92, Vol. 68 Issue 4, p651, 18p; The unexpected birth of Florida stamp; Lott, James; FIC: Virginia Quarterly Review	drive	natural	natural	5	say	attitude holder+3rd	all the way from Leonia, New Jersey	
At Moffett Field outside San Francisco they discovered something wrong with the plane that was to take us to Korea, and they were going to have to find another. That would take until tomorrow morning, so we were free until then. 6:00 A.M. That was luck: a day to kill in San Francisco. And on my birthday. Bob Phelps said we ought to	drive	down to Palo Alto, where he'd played football the year before at Stanford.  " You've never seen such a place, " Phelps said.	natural	COCA; 1997 (Feb/Mar); Vol. 48 Issue 1, p69, 21p, 12c; Leaving for Korea.; Brady, James; Reid, Charles; MAG: American Heritage	drive	natural	natural	1	say	attitude holder+attitude holder's listener	down to Palo Alto	
If you decide to pass out drunk around the house, do not select your own driveway. Gonzalezs wife said she drove home early yesterday, heard a loud cracking sound. The bad news, that sound was her husband lying on the driveway as she	drove	over him. The good news, she evidently has a deft touch. He suffered nothing worse than contusions and abrasions.	natural	COCA; 2006 (20060825); Olbermann20060825; SPOK: MSNBC_Olbermann	drive	natural	natural	3	say	homebase	home	
Susan: Brad, its Susan Stewart. The DNA results are in. Brad: And? Susan: And I can't tell you over the phone. You have to come in and sign the release form. When would you like to come in? Brad: I don't know when I can fit you in. I don't know -- like two or three minutes. Brad: Susan says that you should	drive	-- like I'm nervous or something. You know, I'm not nervous -- I'm just really curious. Katie: Uh, Brad, before you go -- Brad: What? Katie: You might want to put a shirt on.	natural	COAS; 2008 (2008-05-05); As the World Turns; As the World Turns	drive	natural	natural	1	say	listener	none	
CONAN: Kelley Snowden joins us now from her office in Nacogdoches in Texas, where she's a program manager at the Center for Regional Heritage Research at Stephen F. Austin University in Nacogdoches. She lives about an hour from there, in a town just over a tenth that size, Overton, Texas. Kelley Snowden, nice to have you on the program today. KELLEY-SNOWDEN: Hey, how are you? CONAN: I read a piece that you wrote, and you said the first time you	drove	into Overton, you thought you were seeing a town that was drying up and blowing away. SNOWDEN: Well, yeah. Sometimes, first impressions really aren't inaccurate. CONAN: What's it like? SNOWDEN: Overton is a small town of about 2,300 people. It was hit hard over the - in the' 80s and has been in a economic downturn. We do have a lot of vacant buildings.	natural	COCA; 2011 (110811); RURAL COMMUNITIES FEAR BUDGET CUTS WILL HIT HARD; SPOK: NPR_TalkNat	drive	natural	natural	3	say	listener	into Overton	
He held out the scene to his brother who sat beside him, fingers tucked protectively under his thighs. Without looking at a single drawing, James asked, " Did you draw these all this morning? " " No, " Keller explained. " That scene there took me three days. I studied special pictures, called photostats. I made a few practice draw ings then drew the scene you have there. " " Three days, " James began. " Our teacher says that you can	drive	all the way to Canada in three days. " " I suppose you can, " Keller agreed. " But quality can't be rushed. " Keller waited for his sons to ask another question, but the boys sat silently. From their facial expressions, a visitor might think them respectful and proud, but Keller suspected that was not the case. When they started to fidget, he decided it was best to take them to the commissary for lunch.	natural	COCA; 2015; Summer2015, Vol. 91 Issue 3, p102-115. 14p; Keller in Effects; Pierce, Todd James; FIC: Virginia Quarterly Review	drive	natural	natural	1	say	listener	all the way to Canada	
I drove east out of Hartford, turning on 384-E towards Providence, and exit sign by exit sign, semblances of city and urbanization evaporated. I pulled onto 44-E, and my iPhone said to	drive	10.6 miles before turning on Storrs Road, which would take me into campus.  I hit one stoplight. I passed three churches, two Wal-Marts, one Valero gas station.	natural	CORE; Personal Blog; UConn basketball: Visiting Storrs for the beginning of the Kevin Ollie; http://teddymitrosilis.com/2012/11/02/uconn-basketball-visiting-storrs-for-the-beginning-of-the-kevin-ollie-era/	drive	natural	natural	1	say	PRO	10.6 miles	
She had promised to be home by nine o'clock. At quarter of nine, Mommy went to Joan's house to walk Andrea home, but they said Andrea had left at eight o'clock. Mommy had come back home worried and almost crying, just as Daddy got in from work. Daddy was a lieutenant in the New York State Police. Right away he and Mommy had started calling all of Andrea's friends, but no one had seen her. Then Daddy said he was going to	drive	around to the bowling alley and to the ice cream parlor, just in case Andrea had gone there.	natural	COCA; 2003; New York : Pocket Books; Daddy's little girl; Clark, Mary Higgins; FIC: Daddy's little girl	drive	natural	natural	1	say	PRO	around to the bowling alley and the ice cream parlor	
I imagine my mother only would have had to go outside to see what time it was. If she were to create a new name for February, her birth month, she might say, The month of the pinecones that swing in gusts above the beehives wrapped in tar paper, or, The month when the little goats on the hill look up at me. She might say, The time of snow welling up toward leap day.  The last sentence my mother said to me before I	drove	to the airport and boarded a plane back to Europe was, " The best thing you can do for me now is be around a lot. "	natural	COCA;   2018;  Vol. 48, Iss. 1; Still Life on Leap Day	drive	natural	natural	3	say	speaker	to the airport	
" Ben, " he said finally, " you've been a little shortchanged this trip. You could have taken off anytime and found something more lively to do, but you stayed around to keep me company. I want you to know it's meant a lot to me. " Ben gripped the wheel, swallowing hard. It was true now that he enjoyed being with his uncle, but it hadn't started that way and he couldn't take credit for something that wasn't true. " Uncle Labe, " he said, " when you said I should	drive	in and see Cass- " Uncle Labe began to chuckle. " Never forget the look on your face when you turned around and saw me at the depot. And then when you got a look at the truck- " " You could tell? I mean, you didn't get mad? " " Good heavens, Ben, you don't suppose a man gets to be my age without ever being 16, do you? " He laughed softly.	natural	COCA; 1997 (Dec); Vol. 87, Iss. 12; pg. 34, 6 pgs; Country Christmas; Will Stanton; MAG: Boys Life	drive	natural	natural	1	say	speaker	in	
The dogs don't know it but we're running out of water. The power went out for a day, a few days ago, and they told us to boil our tap water but the pump isn't working right. We can go down to the stream but the stream is pretty much off limits, even for dogs, and the plumber hasn't answered my call. I tried three other plumbers before Mr. Pike, who's semiretired. My husband, who does call each day at 11: 00 a.m., says I should	drive	straight down to New York City where the best water gets piped in, but as it happens, I remind him, we need new brake lights. I could take the car to a man in Manchester but he charges an arm and a leg.	natural	COCA; 2012; Winter 2012; The Source of Life; Bosworth, Beth; FIC: The Kenyon Review	drive	natural	natural	1	say	speaker	down to New York City	
" What kind of mechanic doesn't go to work until nine o'clock? " Sky wanted to know.  Louis picked at his breakfast, wondering the same thing. His mother-in-law tried to divert him with happy thoughts. " Have you named your car yet, Louis? "  Sky laughed.  " I don't believe in naming inanimate objects, " he informed them.  His father-in-law thought it odd that anyone would	drive	to Wayside. Once it had been something to see, he said, a beautiful place, with an artists' colony. But that had been years ago. " The bay receded and left them with nothing but puddles.  Louis said he wasn't going to Wayside to look at the scenery but to get his car fixed.  " Of course, " said his father-in-law. " It's just that I'm used to thinking of Wayside as a place where things break down. "	natural	COCA; 1994; 1994, Vol. 26 Issue 1-4, p226, 8p; A State of Disrepair; Oliver, Bill; FIC: Arkansas Review: A Journal of Delta Studies	drive	natural	natural	1	think	3rd	to Wayside	
There is Allyson, with a " y. " White. Braces. Does not believe in goggles. She squints in the sun. She is a teenager. New to driving. She talks about her license, incessantly. The unfair restrictions on it. She's not allowed to drive with friends or anything. Although I think she	drives	with friends anyway. Her way is not the leash or the straddle. She lets her students ski. But she yells at them. She yells at them to " Pizza! Pizza! " This refers to the triangular pizza-slice shape she wishes them to make with their skis.	natural	COCA; 2019 (2019/03/22); Vol. 45, Issue 1; One Goes Where One Is Needed	drive	natural	natural	4	think	accompaniment	with friends	
We headed to a new site that Danny got permission to hunt. When we arrived at the home site and were surprised to find a demolished house, everything was gone! Pushed up and the burn piles were still smoldering! Debris strewn all over the lot like a tornado just blew thru. The bulldozer left piles of earth with a mixture of insulation, old wiring, nails, glass and the fall leaves. Everthing had changed! I think most people would have just	driven	away but since we didn't have much time, we decided to make the best of this " war " zone.	natural	CORE; Interactive Discussion; This could have been a once in a lifetime hunt!; http://www.treasurenet.com/forums/todays-finds/320241-could-have-been-once-lifetime-hunt.html	drive	natural	natural	5	think	attitude holder	away	
With my hand firmly in my pocket I stepped back through the broken, padlocked, wrought-iron fence and stumbled back to the main road, where I had left my car. And because, like three-quarters of the faculty at Williams College, I was on unpaid leave for the fall semester, I thought I would	drive	down to Richmond and see Adrian, who was now thirty years old - a milestone.	natural	COCA; 2010 (Jan/Feb 2010); Vol. 118, Iss. 1/2; pg. 98, 69 pgs; Ghosts Doing the Orange Dance (The Parke Family Scrapbook Number IV); Paul Park; FIC: Fantasy & Science Fiction	drive	natural	natural	1	think	attitude holder	down to Richmond	
He rented a little cabin made out of lodgepole pine that sat beside a fast-running stream full of trout. There he holed up drinking whiskey and finishing his novel. I am a novelist myself, and novelists can never get enough of these kinds of stories. I am both repulsed and fascinated by a writer who could walk out on his own son in search of better concentration. That is why I went to see Spear-O-Wigwam in the first place. It was 10 years ago and I was in Wyoming anyway so I thought I would	drive	up and look at the cabin.	natural	COCA; 2009 (Jun 2009); Vol. 222, Iss. 6; pg. 26, 2 pgs; An ode to Spear-O-Wigwam; Ann Patchett; MAG: Sunset	drive	natural	natural	1	think	attitude holder	X & V	
She called the dentist's office to confirm that her father had not canceled his appointment. " Please ask him to wait for me, " Regan said to the receptionist. " I'm leaving the city in a few minutes, and it shouldn't take me more than an hour to get there. " " Will do, " the receptionist promised. Regan hurriedly dressed and dried her hair. After Dad has his appointment, we can do the errands together, she thought. Then we'll	drive	back to the city to see Mom. But even as she pulled on her coat and ran down to grab a cab, Regan somehow knew that that wasn't what she would be doing this afternoon.	natural	COCA; 2001; New York : Pocket Books; Deck the halls; Clark, Mary Higgins. Clark, Carol Higgins; FIC: Deck the halls	drive	natural	natural	1	think	attitude holder	back to the city	
Miss? I turned back. He was blushing, but with a kind of borrowed confidence, he said, Would you like to be on my radio show? I tried hard not to let my astonishment show. You have a radio show? Yes, ma'am, Talk of the Town. I get guests from town on, and we talk. That's the show. I thought of the empty miles I'd	driven	through to get to this town, the few places of business I'd seen thus far. I didn't recall anything that looked like it might be or house a broadcasting studio. Where? I asked. Right at WMRZ a few blocks over. It's above the drugstore. I've had Louise on my show: we talked about yogurt: Where has it been and where is it going?	natural	COCA; 2005; New York :; Random House, Edition: 1st ed; The year of pleasures : a novel; Berg, Elizabeth; FIC: The year of pleasures : a novel	drive	natural	natural	5	think	attitude holder	through	
Alexis: Have you ever been to New Hampshire? Sonny: I think I	drove	through it once. Alexis: Briarton-Griggs is in the hills. There are trees around it for miles. Sonny: Brick buildings? Alexis: Yep. Sonny: And lawns that look like carpets? Alexis: You have the idea.	natural	CAS; 2002 (2002-04-03); General Hospital; General Hospital	drive	natural	natural	3	think	attitude holder	through it	
" What I'd like is a date for dinner, just you and me. Let's go out. How about it? " " Margie took me out to lunch. " " Good for Margie. Let's make it a doubleheader. Think you can handle it? " She took a long look at him. He'd showered and changed and shampooed his hair. He looked tan and fit. And he was smiling. He'd always had a great smile. Even after 35 years of marriage, it still made her smile when he did. " I thought we'd	drive	out to Lahey's, " he suggested. Lahey's was a fish place, miles out on the island.	natural	COCA;   1999 (Aug); Vol. 229, Iss. 2; pg. 174, 5 pgs; The implausible blonde; Jane Sughrue Giberga; FIC: Good Housekeeping	drive	natural	natural	1	think	attitude holder+attitude holder's listener	Lahey's	
" So what are we going to do? " he asked. For the past year, it's gotten increasingly difficult for him to hold a thought, and I knew I'd have to respond to the same question several times before we left. His doctor wasn't sure at first what was causing the memory loss; now he was leaning toward Alzheimer's.  " I thought we'd	drive	out to San Angelo, look around, see if you remember what it was like when you'd go visit your Uncle Joe, " I said. " It'll be a good trip even if you don't remember a thing. "	natural	COCA; 1998; 1998, Vol. 83 Issue 1, p70, 19p; What Happened in Miss Hattie's Parlor.; Holley, Joseph; FIC: Southwest Review	drive	natural	natural	1	think	attitude holder+attitude holder's listener	out to San Angelo	
" Hear what happened? " he asked. " What? "  " Some old farmer set his fields on fire this morning. Acres and acres are burning like hell. "  " Where? "  " Just east of town, off one-eleven. You can see smoke from the front yard. I thought we could	drive	out and see it. "  " Why'd he do it? "	natural	COCA; 1993 (May); Vol. 271, Iss. 5; pg. 73, 8 pgs; Marine Corps issue; FIC: Atlantic	drive	natural	natural	1	think	attitude holder+attitude holder's listener	X & V	
The neighbors are in the street. He looks at his car, but it's too late to get there. He glances over to the bricks and wonders if he should run to them, or behind her house in the other direction. All he has are his hands, which he tightens.  Two men, one heavier, both with hands out, mouths yelling. " Think you can	drive	through here and make history, huh? " one says. Rormy watches them jump onto the curb. Down a ways, more neighbors are coming. And one of them-one of them, Ronny thinks, is him. He steps forward but the first ones reach him and knock him back. But behind them, the man keeps coming in.	natural	COCA; 2006 (2006); Vol. 27, Iss. 1; pg. 86, 19 pgs; Stonewall and Jackson; Stephen Schottenfeld; FIC: New England Review	drive	natural	natural	1	think	embedded listener	through here	
I'm wondering if this is when it's going to sink in that Jackie's really gone. Since we lived 382 miles apart, I have almost convinced myself that she's just in her apartment in San Francisco. But this will be the first time I've gone to Northern California and not seen her... ever. I think when we are	driving	home in a few days and I won't have had a dinner or coffee date with her, my " she's in the city " illusion will finally be shattered.	natural	CORE; Personal Blog; On The Floor ‚Äî The Spohrs Are Multiplying...; http://www.thespohrsaremultiplying.com/heather/on-the-floor/	drive	natural	natural	2	think	homebase	home	
A small patch of wildflowers grew in the shade of a fence, giving the valley, even with its brittle harsh surface, a certain beauty. Now she understood why the baby's mother had been named Bloom, Desert Bloom.  They pulled onto Route 28 and followed the directions Bloom's mother had given them; this was the first time they were to see the baby at home. Taking him away from everything familiar seemed cruel and April thought of the adopted puppy she and Neil had	driven	home from Morgan Hill when they were first married, April holding the crying squirming little thing until it gave up and fell into limp defeated sleep.  The county road ended at an elbow-bend where they could only turn right. Down the street were five or six tract houses, vague pastel colors bleached nearly white.	natural	COCA; 2018 (2018/06/22); Vol. 76, Issue 3; Desert Bloom	drive	natural	natural	5	think	homebase	home	
Taking me by the shoulders, she said, " Don't ever be afraid. " She was standing close to me and I could smell her breath and the steam coming off her hair and skin. We started back up the hill toward the road where our Studebaker was parked. As we passed the white Colonial-style, the man waved to us from the porch where he was standing. My mother waved back and called that we would come see him soon, although I didn't think we would. I thought once we had	driven	back to our house and our regular lives, it would seem as if the man had never existed.	natural	COCA; 2013; Fall2013, Vol. 71 Issue 4, p763-768. 6p; Horse People; Pendleton, Jan (AUTHOR); FIC: Antioch Review	drive	natural	natural	5	think	homebase	back to our house	
Paul: Um, could I get a very large cup of coffee, please? Heather: Hi. Paul: Hi, Sweetheart. Heather: Hey. I, um, I thought I saw you	drive	by, so I came in. I haven't seen you in a while. Paul: Well, um, I've been spending a lot of time at the hospital. Heather: Oh, yeah. How is Aunt Patty? Paul: Oh, not good.	natural	CAS; 2010 (2010-03-05); Young and Restless; Young and Restless	drive	natural	natural	1	think	listener	by	
Chris: Really? Where are you off to while I'm slaving away for you? Karen: Hmm. Green Lake. Chris: green Lake. That's beautiful. I love it there. Which shore? Karen: I found this perfect cabin on -- I see where you're going. Chris: What do you mean, after lunch? Back to the hospital, land of disinfectant? Karen: If you think I didn't see you	drive	by my apartment last night while I was taking out the garbage, you're wrong. And I'll bet those two hang-up calls were from you, too. Chris: Hang-ups? You had hang-ups? Karen: I know why you called, Chris, and why you're here. I know what you want from me.	natural	CAS; 2001 (2001-10-30); Port Charles; Port Charles	drive	natural	natural	1	think	listener	by my apartment	
I'd also wrapped the three objects Octavio had stolen in a sheet and taken them with me. It puzzled me less why Octavio had stolen them -- they were beautiful, after all -- than why he'd left them for someone else to find. There had been no note to explain his intentions, but I assumed he meant for them to be returned to their owners. In fact, when I started the car, my first thought was to	drive	directly to the police station, but I considered other options.	natural	COCA; 2014; Summer2014, Vol. 72 Issue 3, p443-456. 14p.; Fog; NELSON, KENT; FIC: Antioch Review	drive	natural	natural	1	think	PRO	directly to the police station	
" And how long do we have you for? Don't tell us you're leaving tomorrow! "  " I had a bunch of vacation days saved up, " I said. " I fly home on the sixteenth. "  " Ah, that's a nice bit of time, " Paudie replied with satisfaction. " We'll show you everything there is to see, and a good deal more besides. " Brona slid him a doubtful look over the rim of her glass.  " I thought I might	drive	down to Galway for a night or two, " I said. " Maybe see the Cliffs of Moher. I don't know if we went there the last time I was here. "	natural	COCA; 2017; Immaculate heart; Camille DeAngelis; FIC: Immaculate heart	drive	natural	natural	1	think	speaker	down to Galway	
So where does your husband live? I asked Marietta.  She sat back in the armchair. On top of the hill, before you turn to 248, there's a white trailer, with many pots of flowers in the windows. You are welcome to stop by.  To see him?  Well, no, there's another trailer, a pink one, and that's mine, way back in the yard.  You think I could just	drive	in and talk to you all? Your trailer doesn't have the flowers?  No, I have cats. They're always sunbathing in the windows. Why wouldn't you stop by?  If you usually don't even talk to each other?  Oh, we do, I just hope we won't. We have a kid to take care of, so that keeps us pretty close.	natural	COCA; 2001 (Fall); Vol. 59, Iss. 4; pg. 783, 16 pgs; Night Guests; Josip Novakovich; FIC: The Antioch Review	drive	natural	natural	1	think	speaker	in	
Stephanie: You saved a seat for me. Thank you. I thought I'd find you here.  Nick: I'm not going, you know. They asked me to go, but I'm not going.  Stephanie: You don't think I	drove	all the way down here to try and talk you into going, do you?  Nick: If you came here for some Brooke bashing, you came to the wrong place. Let me tell you that right now.  Stephanie: Actually, I came for a drink.	natural	CAS; 2004 (2004-07-09); Bold and Beautiful; Bold and Beautiful	drive	natural	natural	3	think	speaker	all the way down here	
" It's a fish, the roach. People fish for them here in the little bay, " Harold Davidson said.  " Thanks, Hal, " Perenchio said, smiling. " You've always known things like that. "  " Well, here we are, " Davidson said, ignoring the remark. He had a round, smooth face that merged into a bald head. His dark skin was slightly darker than that of Perenchio, who had a Creole father and an African American mother.  " I thought we could	drive	to my house, have a drink, something to eat I hope you're still big on pulled pork.	natural	COCA; 2015; New York : Forge, A Tom Doherty Associates Book,Edition: First edition.; Collision; Cohen, William S.; FIC: Collision	drive	natural	natural	1	think	speaker+addressee	to my house	
One of the problems when you're snowshoe hunting is setting up to shoot. Sitting is awkward. You can lie down in a twisted position to rest the rifle over your pack, but it's hard to get back up if the snow is deep. Kneeling on one knee and shooting over sticks works the best. There was still an hour or two of light when we called it a day. Since we'd go at it hard tomorrow, we thought it best to	drive	back to my house and rest up.	natural	COCA; 2008 (Dec 2008/Jan 2009); Vol. 113, Iss. 8; pg. 88, 6 pgs; THE TRAIL; Keith McCafferty; MAG: Field and Stream	drive	natural	natural	1	think	speaker+addressee	my house	
There's nothing in the world I love more, not even a third as much. Me and Mark. I wanted to fall asleep there, for maybe three hundred hours, and dream that I was the object of Mark's fancy. There is no way for him to escape me.  I have thought that I have seen him. At a train station, buying a magazine, but I couldn't stop to look or I would have missed my train. Once, two years ago, walking back from my high school, I thought I saw him	drive	by me in a pickup truck. The truck stopped at a light, I looked right at the driver. He looked at me and then he looked back at the steering wheel. I continued to look at him. He drove off, away from me.	natural	COCA; 2016; Madison Vol. 59, Iss. 2,  (Spring 2016): 77-85,172; Fluffy the Cat; Nelson, Ingrid; FIC: Literary Review	drive	natural	natural	1	think	theme	by me	
